{
  "r@1_miou": 0.22878816099472143,
  "r@5_miou": 0.5333421887091028,
  "r@1_iou0.1": 0.5394868181551289,
  "r@5_iou0.1": 0.9397569138629558,
  "r@1_iou0.3": 0.3221184898126945,
  "r@5_iou0.3": 0.8147495743056778,
  "r@1_iou0.5": 0.16505196406552758,
  "r@5_iou0.5": 0.539017086489343,
  "total_samples": 17031
}